datetime,open,high,low,close,volume
2026-04-23T00:00:00+00:00,77.24869999999997,77.99069999999998,73.83569999999997,74.99669999999998,2747840
2026-04-24T00:00:00+00:00,74.99669999999998,76.36069999999998,73.54969999999997,75.38069999999998,1195846
2026-04-27T00:00:00+00:00,75.38069999999998,76.28969999999998,74.35169999999998,75.16869999999999,789623
2026-04-28T00:00:00+00:00,75.16869999999999,75.85869999999998,71.73469999999998,72.74469999999998,1011871
2026-04-29T00:00:00+00:00,72.74469999999998,73.64969999999998,70.55569999999997,71.01669999999999,1002166
2026-04-30T00:00:00+00:00,71.01669999999999,73.65969999999999,70.91469999999998,73.42369999999998,1933890
2026-05-01T00:00:00+00:00,73.42369999999998,76.79169999999998,72.66369999999998,75.09869999999998,743449
2026-05-04T00:00:00+00:00,75.09869999999998,75.81969999999998,71.96269999999998,72.43869999999998,1078759
2026-05-05T00:00:00+00:00,72.43869999999998,74.03369999999998,72.16869999999999,72.57969999999999,594904
2026-05-06T00:00:00+00:00,72.57969999999999,77.66369999999998,72.39069999999998,77.08469999999998,1033539
2026-05-07T00:00:00+00:00,77.08469999999998,81.89869999999998,76.74569999999999,78.13169999999998,1238762
2026-05-08T00:00:00+00:00,78.13169999999998,81.39469999999999,78.06869999999998,80.13669999999998,1084821
2026-05-11T00:00:00+00:00,80.13669999999998,86.13569999999997,78.84769999999997,85.79869999999997,1129324
2026-05-12T00:00:00+00:00,85.79869999999997,87.15869999999997,82.85169999999998,86.32669999999997,1440282
2026-05-13T00:00:00+00:00,86.32669999999997,89.20969999999997,85.41569999999997,87.26569999999998,1239410
2026-05-14T00:00:00+00:00,87.26569999999998,88.31169999999997,82.90369999999997,83.37269999999998,1086376
2026-05-15T00:00:00+00:00,83.37269999999998,83.81069999999997,75.53469999999997,75.81869999999998,1703576
2026-05-18T00:00:00+00:00,75.81869999999998,78.18469999999998,73.71769999999998,77.53569999999998,1480767
2026-05-19T00:00:00+00:00,77.53569999999998,78.75069999999998,72.94269999999999,73.65469999999998,1292992
2026-05-20T00:00:00+00:00,73.65469999999998,76.47269999999997,72.96569999999998,75.70869999999998,1278500
2026-05-21T00:00:00+00:00,75.70869999999998,76.96969999999997,74.26269999999998,76.62469999999998,1363180
2026-05-22T00:00:00+00:00,76.62469999999998,76.91969999999998,74.82569999999998,75.28969999999998,967524
2026-05-25T00:00:00+00:00,75.28969999999998,78.63369999999999,75.28969999999998,77.8847,573609
2026-05-26T00:00:00+00:00,77.8847,78.18569999999998,75.28569999999999,76.77169999999998,816925
2026-05-27T00:00:00+00:00,76.77169999999998,77.43669999999999,73.22169999999998,74.40569999999998,792493
2026-05-28T00:00:00+00:00,74.40569999999998,75.91269999999999,71.58869999999999,75.36869999999999,1623706
2026-05-29T00:00:00+00:00,75.36869999999999,76.55069999999999,74.38269999999999,75.17869999999999,722848
2026-06-01T00:00:00+00:00,75.17869999999999,76.28169999999999,73.81169999999999,74.8047,729295
2026-06-02T00:00:00+00:00,74.8047,77.00169999999999,74.46269999999998,75.1467,602721
2026-06-03T00:00:00+00:00,75.1467,75.46069999999999,72.60369999999999,72.69669999999999,741134
2026-06-04T00:00:00+00:00,72.69669999999999,75.06769999999999,72.42469999999999,73.8367,1526922
2026-06-05T00:00:00+00:00,73.8367,74.11769999999999,67.54669999999999,67.7327,1254098
2026-06-08T00:00:00+00:00,67.7327,69.0427,66.1187,68.1347,1302804
2026-06-09T00:00:00+00:00,68.1347,68.9907,64.30669999999999,65.2797,1368074
2026-06-10T00:00:00+00:00,65.2797,65.7797,63.2427,63.2427,1651172
2026-06-11T00:00:00+00:00,63.2427,67.5577,61.4407,67.3507,3367992
2026-06-12T00:00:00+00:00,67.3507,68.3017,65.8327,67.9357,1338639
2026-06-15T00:00:00+00:00,67.9357,71.2797,67.9357,69.9067,697073
2026-06-16T00:00:00+00:00,69.9067,71.2957,69.0227,69.9587,718470
2026-06-17T00:00:00+00:00,69.9587,71.5157,66.7497,67.8397,1030729
2026-06-18T00:00:00+00:00,67.8397,69.8007,65.0277,65.6037,1861000
2026-06-19T00:00:00+00:00,65.6037,65.8907,63.228699999999996,64.7787,422518
2026-06-22T00:00:00+00:00,64.7787,67.1687,64.2267,65.0517,826997
2026-06-23T00:00:00+00:00,65.0517,65.32169999999999,61.3377,61.561699999999995,853542
2026-06-24T00:00:00+00:00,61.561699999999995,62.5057,55.5817,57.3747,1082189
2026-06-25T00:00:00+00:00,57.3747,59.02869999999999,56.344699999999996,57.826699999999995,2305488
2026-06-26T00:00:00+00:00,57.826699999999995,59.6787,55.698699999999995,58.597699999999996,809808
2026-06-29T00:00:00+00:00,58.597699999999996,59.4657,57.4197,58.26969999999999,843866
2026-06-30T00:00:00+00:00,58.26969999999999,60.445699999999995,56.595699999999994,58.44669999999999,657687
2026-07-01T00:00:00+00:00,58.44669999999999,61.009699999999995,57.1637,59.08069999999999,620069
2026-07-02T00:00:00+00:00,59.08069999999999,62.1457,58.909699999999994,60.9227,1546544
2026-07-03T00:00:00+00:00,60.9227,62.8957,60.9077,62.457699999999996,398692
2026-07-06T00:00:00+00:00,62.457699999999996,63.2767,61.3617,62.0477,534743
2026-07-07T00:00:00+00:00,62.0477,62.1607,59.44069999999999,59.9477,669229
2026-07-08T00:00:00+00:00,59.9477,61.125699999999995,57.217699999999994,58.1817,959656
2026-07-09T00:00:00+00:00,58.1817,60.6217,57.58969999999999,59.951699999999995,1228558
2026-07-10T00:00:00+00:00,59.951699999999995,60.7677,59.1177,59.7767,497114
2026-07-13T00:00:00+00:00,59.7767,59.7767,57.238699999999994,57.6117,665693
2026-07-14T00:00:00+00:00,57.6117,59.6487,56.8377,58.6707,653373
2026-07-15T00:00:00+00:00,58.6707,59.0627,56.5837,57.725699999999996,744974
2026-07-16T00:00:00+00:00,57.725699999999996,57.896699999999996,55.3047,55.463699999999996,1241882
2026-07-17T00:00:00+00:00,55.463699999999996,56.311699999999995,54.7427,55.835699999999996,731040
2026-07-20T00:00:00+00:00,55.835699999999996,57.51969999999999,55.442699999999995,56.31269999999999,654085
2026-07-21T00:00:00+00:00,56.31269999999999,59.26069999999999,56.036699999999996,58.716699999999996,634135
2026-07-22T00:00:00+00:00,58.716699999999996,60.8617,58.6577,59.683699999999995,566313
2026-07-23T00:00:00+00:00,59.683699999999995,60.00469999999999,56.9877,57.50169999999999,1245260
2026-07-24T00:00:00+00:00,57.50169999999999,58.9357,57.018699999999995,58.19369999999999,534200
2026-07-27T00:00:00+00:00,58.19369999999999,60.06269999999999,58.0997,58.305699999999995,551698
2026-07-28T00:00:00+00:00,58.305699999999995,58.536699999999996,56.56569999999999,57.0537,576607
2026-07-29T00:00:00+00:00,57.0537,59.198699999999995,56.6737,57.552699999999994,741698
2026-07-30T00:00:00+00:00,57.552699999999994,59.244699999999995,56.860699999999994,58.9317,649389
2026-07-31T00:00:00+00:00,58.9317,59.097699999999996,57.967699999999994,58.1097,101725
